667,Canada,Alberta,Airdrie
667,Canada,Alberta,Athabasca
667,Canada,Alberta,Banff
667,Canada,Alberta,Barrhead
667,Canada,Alberta,Bassano
667,Canada,Alberta,Beaumont
667,Canada,Alberta,Beaverlodge
667,Canada,Alberta,Black Diamond
667,Canada,Alberta,Blackfalds
667,Canada,Alberta,Bon Accord
667,Canada,Alberta,Bonnyville
667,Canada,Alberta,Bow Island
667,Canada,Alberta,Brooks
667,Canada,Alberta,Calgary
667,Canada,Alberta,Calmar
667,Canada,Alberta,Camrose
667,Canada,Alberta,Canmore
667,Canada,Alberta,Cardston
667,Canada,Alberta,Carstairs
667,Canada,Alberta,Chestermere
667,Canada,Alberta,Claresholm
667,Canada,Alberta,Coaldale
667,Canada,Alberta,Coalhurst
667,Canada,Alberta,Cochrane
667,Canada,Alberta,Cold Lake
667,Canada,Alberta,Crossfield
667,Canada,Alberta,Devon
667,Canada,Alberta,Didsbury
667,Canada,Alberta,Drayton Valley
667,Canada,Alberta,Edmonton
667,Canada,Alberta,Edson
667,Canada,Alberta,Elk Point
667,Canada,Alberta,Fairview
667,Canada,Alberta,Falher
667,Canada,Alberta,Fort Macleod
667,Canada,Alberta,Fort McMurray
667,Canada,Alberta,Fort Saskatchewan
667,Canada,Alberta,Fox Creek
667,Canada,Alberta,Gibbons
667,Canada,Alberta,Grand Centre
667,Canada,Alberta,Grande Cache
667,Canada,Alberta,Grande Prairie
667,Canada,Alberta,Grimshaw
667,Canada,Alberta,Hanna
667,Canada,Alberta,Heritage Pointe
667,Canada,Alberta,High Level
667,Canada,Alberta,High Prairie
667,Canada,Alberta,High River
667,Canada,Alberta,Hinton
667,Canada,Alberta,Irricana
667,Canada,Alberta,Jasper Park Lodge
667,Canada,Alberta,Killam
667,Canada,Alberta,Lac La Biche
667,Canada,Alberta,Lacombe
667,Canada,Alberta,Lamont
667,Canada,Alberta,Larkspur
667,Canada,Alberta,Laurel
667,Canada,Alberta,Leduc
667,Canada,Alberta,Lethbridge
667,Canada,Alberta,Lloydminster
667,Canada,Alberta,Magrath
667,Canada,Alberta,Manning
667,Canada,Alberta,Mannville
667,Canada,Alberta,Maple Ridge
667,Canada,Alberta,Mayerthorpe
667,Canada,Alberta,Medicine Hat
667,Canada,Alberta,Mill Woods Town Centre
667,Canada,Alberta,Millet
667,Canada,Alberta,Morinville
667,Canada,Alberta,Nanton
667,Canada,Alberta,Okotoks
667,Canada,Alberta,Olds
667,Canada,Alberta,Peace River
667,Canada,Alberta,Penhold
667,Canada,Alberta,Picture Butte
667,Canada,Alberta,Pincher Creek
667,Canada,Alberta,Ponoka
667,Canada,Alberta,Provost
667,Canada,Alberta,Raymond
667,Canada,Alberta,Red Deer
667,Canada,Alberta,Rideau Park
667,Canada,Alberta,Rimbey
667,Canada,Alberta,Rocky Mountain House
667,Canada,Alberta,Sexsmith
667,Canada,Alberta,Sherwood Park
667,Canada,Alberta,Silver Berry
667,Canada,Alberta,Slave Lake
667,Canada,Alberta,Smoky Lake
667,Canada,Alberta,Spirit River
667,Canada,Alberta,Springbrook
667,Canada,Alberta,Spruce Grove
667,Canada,Alberta,St. Albert
667,Canada,Alberta,Stettler
667,Canada,Alberta,Stony Plain
667,Canada,Alberta,Strathmore
667,Canada,Alberta,Sundre
667,Canada,Alberta,Swan Hills
667,Canada,Alberta,Sylvan Lake
667,Canada,Alberta,Taber
667,Canada,Alberta,Tamarack
667,Canada,Alberta,Three Hills
667,Canada,Alberta,Tofield
667,Canada,Alberta,Two Hills
667,Canada,Alberta,Valleyview
667,Canada,Alberta,Vegreville
667,Canada,Alberta,Vermilion
667,Canada,Alberta,Viking
667,Canada,Alberta,Vulcan
667,Canada,Alberta,Wainwright
667,Canada,Alberta,Wembley
667,Canada,Alberta,Westlake
667,Canada,Alberta,Westlock
667,Canada,Alberta,Wetaskiwin
667,Canada,Alberta,Whitecourt
667,Canada,Alberta,Wild Rose
668,Canada,British Columbia,Abbotsford
668,Canada,British Columbia,Agassiz
668,Canada,British Columbia,Aldergrove
668,Canada,British Columbia,Aldergrove East
668,Canada,British Columbia,Anmore
668,Canada,British Columbia,Arbutus Ridge
668,Canada,British Columbia,Armstrong
668,Canada,British Columbia,Ashcroft
668,Canada,British Columbia,Barrière
668,Canada,British Columbia,Bowen Island
668,Canada,British Columbia,Burnaby
668,Canada,British Columbia,Burns Lake
668,Canada,British Columbia,Cache Creek
668,Canada,British Columbia,Campbell River
668,Canada,British Columbia,Castlegar
668,Canada,British Columbia,Cedar
668,Canada,British Columbia,Central Coast Regional District
668,Canada,British Columbia,Chase
668,Canada,British Columbia,Chemainus
668,Canada,British Columbia,Chetwynd
668,Canada,British Columbia,Chilliwack
668,Canada,British Columbia,Colwood
668,Canada,British Columbia,Coombs
668,Canada,British Columbia,Coquitlam
668,Canada,British Columbia,Courtenay
668,Canada,British Columbia,Cowichan Bay
668,Canada,British Columbia,Cranbrook
668,Canada,British Columbia,Creston
668,Canada,British Columbia,Cumberland
668,Canada,British Columbia,Dawson Creek
668,Canada,British Columbia,Delta
668,Canada,British Columbia,Denman Island
668,Canada,British Columbia,Denman Island Trust Area
668,Canada,British Columbia,Duck Lake
668,Canada,British Columbia,Duncan
668,Canada,British Columbia,East Wellington
668,Canada,British Columbia,Elkford
668,Canada,British Columbia,Ellison
668,Canada,British Columbia,Enderby
668,Canada,British Columbia,Fairwinds
668,Canada,British Columbia,Fernie
668,Canada,British Columbia,Fort Nelson
668,Canada,British Columbia,Fort St. John
668,Canada,British Columbia,Fraser Valley Regional District
668,Canada,British Columbia,French Creek
668,Canada,British Columbia,Fruitvale
668,Canada,British Columbia,Gibsons
668,Canada,British Columbia,Golden
668,Canada,British Columbia,Grand Forks
668,Canada,British Columbia,Hanceville
668,Canada,British Columbia,Hope
668,Canada,British Columbia,Hornby Island
668,Canada,British Columbia,Houston
668,Canada,British Columbia,Invermere
668,Canada,British Columbia,Kamloops
668,Canada,British Columbia,Kelowna
668,Canada,British Columbia,Kimberley
668,Canada,British Columbia,Kitimat
668,Canada,British Columbia,Ladner
668,Canada,British Columbia,Ladysmith
668,Canada,British Columbia,Lake Cowichan
668,Canada,British Columbia,Langford
668,Canada,British Columbia,Langley
668,Canada,British Columbia,Lillooet
668,Canada,British Columbia,Lions Bay
668,Canada,British Columbia,Logan Lake
668,Canada,British Columbia,Lumby
668,Canada,British Columbia,Mackenzie
668,Canada,British Columbia,Maple Ridge
668,Canada,British Columbia,Merritt
668,Canada,British Columbia,Metchosin
668,Canada,British Columbia,Metro Vancouver Regional District
668,Canada,British Columbia,Mission
668,Canada,British Columbia,Nakusp
668,Canada,British Columbia,Nanaimo
668,Canada,British Columbia,Nelson
668,Canada,British Columbia,New Westminster
668,Canada,British Columbia,North Cowichan
668,Canada,British Columbia,North Oyster/Yellow Point
668,Canada,British Columbia,North Saanich
668,Canada,British Columbia,North Vancouver
668,Canada,British Columbia,Oak Bay
668,Canada,British Columbia,Okanagan
668,Canada,British Columbia,Okanagan Falls
668,Canada,British Columbia,Oliver
668,Canada,British Columbia,Osoyoos
668,Canada,British Columbia,Parksville
668,Canada,British Columbia,Peace River Regional District
668,Canada,British Columbia,Peachland
668,Canada,British Columbia,Pemberton
668,Canada,British Columbia,Penticton
668,Canada,British Columbia,Pitt Meadows
668,Canada,British Columbia,Port Alberni
668,Canada,British Columbia,Port Coquitlam
668,Canada,British Columbia,Port McNeill
668,Canada,British Columbia,Port Moody
668,Canada,British Columbia,Powell River
668,Canada,British Columbia,Prince George
668,Canada,British Columbia,Prince Rupert
668,Canada,British Columbia,Princeton
668,Canada,British Columbia,Puntledge
668,Canada,British Columbia,Quesnel
668,Canada,British Columbia,Regional District of Alberni-Clayoquot
668,Canada,British Columbia,Regional District of Central Okanagan
668,Canada,British Columbia,Revelstoke
668,Canada,British Columbia,Richmond
668,Canada,British Columbia,Rossland
668,Canada,British Columbia,Royston
668,Canada,British Columbia,Salmo
668,Canada,British Columbia,Salmon Arm
668,Canada,British Columbia,Salt Spring Island
668,Canada,British Columbia,Saltair
668,Canada,British Columbia,Sechelt
668,Canada,British Columbia,Sicamous
668,Canada,British Columbia,Six Mile
668,Canada,British Columbia,Smithers
668,Canada,British Columbia,Sooke
668,Canada,British Columbia,South Pender Harbour
668,Canada,British Columbia,Sparwood
668,Canada,British Columbia,Summerland
668,Canada,British Columbia,Surrey
668,Canada,British Columbia,Terrace
668,Canada,British Columbia,Tofino
668,Canada,British Columbia,Trail
668,Canada,British Columbia,Tsawwassen
668,Canada,British Columbia,Tumbler Ridge
668,Canada,British Columbia,Ucluelet
668,Canada,British Columbia,Vancouver
668,Canada,British Columbia,Vanderhoof
668,Canada,British Columbia,Vernon
668,Canada,British Columbia,Victoria
668,Canada,British Columbia,Walnut Grove
668,Canada,British Columbia,Welcome Beach
668,Canada,British Columbia,West End
668,Canada,British Columbia,West Kelowna
668,Canada,British Columbia,West Vancouver
668,Canada,British Columbia,Whistler
668,Canada,British Columbia,White Rock
668,Canada,British Columbia,Williams Lake
669,Canada,Manitoba,Altona
669,Canada,Manitoba,Beausejour
669,Canada,Manitoba,Boissevain
669,Canada,Manitoba,Brandon
669,Canada,Manitoba,Carberry
669,Canada,Manitoba,Carman
669,Canada,Manitoba,Cross Lake 19A
669,Canada,Manitoba,Dauphin
669,Canada,Manitoba,De Salaberry
669,Canada,Manitoba,Deloraine
669,Canada,Manitoba,Flin Flon
669,Canada,Manitoba,Gimli
669,Canada,Manitoba,Grunthal
669,Canada,Manitoba,Headingley
669,Canada,Manitoba,Ile des Chênes
669,Canada,Manitoba,Killarney
669,Canada,Manitoba,La Broquerie
669,Canada,Manitoba,Lac du Bonnet
669,Canada,Manitoba,Landmark
669,Canada,Manitoba,Lorette
669,Canada,Manitoba,Melita
669,Canada,Manitoba,Minnedosa
669,Canada,Manitoba,Moose Lake
669,Canada,Manitoba,Morden
669,Canada,Manitoba,Morris
669,Canada,Manitoba,Neepawa
669,Canada,Manitoba,Niverville
669,Canada,Manitoba,Portage la Prairie
669,Canada,Manitoba,Rivers
669,Canada,Manitoba,Roblin
669,Canada,Manitoba,Selkirk
669,Canada,Manitoba,Shilo
669,Canada,Manitoba,Souris
669,Canada,Manitoba,St. Adolphe
669,Canada,Manitoba,Steinbach
669,Canada,Manitoba,Stonewall
669,Canada,Manitoba,Swan River
669,Canada,Manitoba,The Pas
669,Canada,Manitoba,Thompson
669,Canada,Manitoba,Virden
669,Canada,Manitoba,West St. Paul
669,Canada,Manitoba,Winkler
669,Canada,Manitoba,Winnipeg
670,Canada,New Brunswick,Baie Ste. Anne
670,Canada,New Brunswick,Bathurst
670,Canada,New Brunswick,Bouctouche
670,Canada,New Brunswick,Campbellton
670,Canada,New Brunswick,Dieppe
670,Canada,New Brunswick,Edmundston
670,Canada,New Brunswick,Florenceville-Bristol
670,Canada,New Brunswick,Fredericton
670,Canada,New Brunswick,Fundy Bay
670,Canada,New Brunswick,Grande-Digue
670,Canada,New Brunswick,Greater Lakeburn
670,Canada,New Brunswick,Hampton
670,Canada,New Brunswick,Harrison Brook
670,Canada,New Brunswick,Keswick Ridge
670,Canada,New Brunswick,Lincoln
670,Canada,New Brunswick,Lutes Mountain
670,Canada,New Brunswick,McEwen
670,Canada,New Brunswick,Miramichi
670,Canada,New Brunswick,Moncton
670,Canada,New Brunswick,Nackawic
670,Canada,New Brunswick,New Maryland
670,Canada,New Brunswick,Noonan
670,Canada,New Brunswick,Oromocto
670,Canada,New Brunswick,Richibucto
670,Canada,New Brunswick,Sackville
670,Canada,New Brunswick,Saint Andrews
670,Canada,New Brunswick,Saint John
670,Canada,New Brunswick,Saint-Antoine
670,Canada,New Brunswick,Saint-Léonard
670,Canada,New Brunswick,Salisbury
670,Canada,New Brunswick,Shediac
670,Canada,New Brunswick,Shediac Bridge-Shediac River
670,Canada,New Brunswick,Shippagan
670,Canada,New Brunswick,Starlight Village
670,Canada,New Brunswick,Sussex
670,Canada,New Brunswick,Tracadie-Sheila
670,Canada,New Brunswick,Wells
671,Canada,Newfoundland and Labrador,Bay Roberts
671,Canada,Newfoundland and Labrador,Bay St. George South
671,Canada,Newfoundland and Labrador,Bonavista
671,Canada,Newfoundland and Labrador,Botwood
671,Canada,Newfoundland and Labrador,Burgeo
671,Canada,Newfoundland and Labrador,Carbonear
671,Canada,Newfoundland and Labrador,Catalina
671,Canada,Newfoundland and Labrador,Channel-Port aux Basques
671,Canada,Newfoundland and Labrador,Clarenville-Shoal Harbour
671,Canada,Newfoundland and Labrador,Conception Bay South
671,Canada,Newfoundland and Labrador,Corner Brook
671,Canada,Newfoundland and Labrador,Deer Lake
671,Canada,Newfoundland and Labrador,Fogo Island
671,Canada,Newfoundland and Labrador,Gambo
671,Canada,Newfoundland and Labrador,Goulds
671,Canada,Newfoundland and Labrador,Grand Bank
671,Canada,Newfoundland and Labrador,Grand Falls-Windsor
671,Canada,Newfoundland and Labrador,Happy Valley-Goose Bay
671,Canada,Newfoundland and Labrador,Harbour Breton
671,Canada,Newfoundland and Labrador,Labrador City
671,Canada,Newfoundland and Labrador,Lewisporte
671,Canada,Newfoundland and Labrador,Marystown
671,Canada,Newfoundland and Labrador,Mount Pearl
671,Canada,Newfoundland and Labrador,Pasadena
671,Canada,Newfoundland and Labrador,Springdale
671,Canada,Newfoundland and Labrador,St. Anthony
671,Canada,Newfoundland and Labrador,St. John's
671,Canada,Newfoundland and Labrador,Stephenville
671,Canada,Newfoundland and Labrador,Stephenville Crossing
671,Canada,Newfoundland and Labrador,Torbay
671,Canada,Newfoundland and Labrador,Upper Island Cove
671,Canada,Newfoundland and Labrador,Wabana
672,Canada,Northwest Territories,Behchokǫ̀
672,Canada,Northwest Territories,Fort McPherson
672,Canada,Northwest Territories,Fort Smith
672,Canada,Northwest Territories,Hay River
672,Canada,Northwest Territories,Inuvik
672,Canada,Northwest Territories,Norman Wells
672,Canada,Northwest Territories,Yellowknife
673,Canada,Nova Scotia,Amherst
673,Canada,Nova Scotia,Annapolis County
673,Canada,Nova Scotia,Antigonish
673,Canada,Nova Scotia,Berwick
673,Canada,Nova Scotia,Bridgewater
673,Canada,Nova Scotia,Cape Breton County
673,Canada,Nova Scotia,Chester
673,Canada,Nova Scotia,Colchester
673,Canada,Nova Scotia,Cole Harbour
673,Canada,Nova Scotia,Cow Bay
673,Canada,Nova Scotia,Dartmouth
673,Canada,Nova Scotia,Digby
673,Canada,Nova Scotia,Digby County
673,Canada,Nova Scotia,English Corner
673,Canada,Nova Scotia,Eskasoni 3
673,Canada,Nova Scotia,Fall River
673,Canada,Nova Scotia,Glace Bay
673,Canada,Nova Scotia,Greenwood
673,Canada,Nova Scotia,Halifax
673,Canada,Nova Scotia,Hantsport
673,Canada,Nova Scotia,Hayes Subdivision
673,Canada,Nova Scotia,Kentville
673,Canada,Nova Scotia,Lake Echo
673,Canada,Nova Scotia,Lantz
673,Canada,Nova Scotia,Lower Sackville
673,Canada,Nova Scotia,Lunenburg
673,Canada,Nova Scotia,Middleton
673,Canada,Nova Scotia,New Glasgow
673,Canada,Nova Scotia,Oxford
673,Canada,Nova Scotia,Parrsboro
673,Canada,Nova Scotia,Pictou
673,Canada,Nova Scotia,Pictou County
673,Canada,Nova Scotia,Port Hawkesbury
673,Canada,Nova Scotia,Port Williams
673,Canada,Nova Scotia,Princeville
673,Canada,Nova Scotia,Shelburne
673,Canada,Nova Scotia,Springhill
673,Canada,Nova Scotia,Sydney
673,Canada,Nova Scotia,Sydney Mines
673,Canada,Nova Scotia,Truro
673,Canada,Nova Scotia,Windsor
673,Canada,Nova Scotia,Wolfville
673,Canada,Nova Scotia,Yarmouth
674,Canada,Nunavut,Clyde River
674,Canada,Nunavut,Gjoa Haven
674,Canada,Nunavut,Iqaluit
674,Canada,Nunavut,Kugluktuk
674,Canada,Nunavut,Pangnirtung
674,Canada,Nunavut,Rankin Inlet
675,Canada,Ontario,Ajax
675,Canada,Ontario,Algoma
675,Canada,Ontario,Alliston
675,Canada,Ontario,Amherstburg
675,Canada,Ontario,Amigo Beach
675,Canada,Ontario,Ancaster
675,Canada,Ontario,Angus
675,Canada,Ontario,Arnprior
675,Canada,Ontario,Atikokan
675,Canada,Ontario,Attawapiskat
675,Canada,Ontario,Aurora
675,Canada,Ontario,Aylmer
675,Canada,Ontario,Azilda
675,Canada,Ontario,Ballantrae
675,Canada,Ontario,Bancroft
675,Canada,Ontario,Barrie
675,Canada,Ontario,Bath
675,Canada,Ontario,Belleville
675,Canada,Ontario,Bells Corners
675,Canada,Ontario,Belmont
675,Canada,Ontario,Binbrook
675,Canada,Ontario,Bluewater
675,Canada,Ontario,Bourget
675,Canada,Ontario,Bracebridge
675,Canada,Ontario,Brampton
675,Canada,Ontario,Brant
675,Canada,Ontario,Brantford
675,Canada,Ontario,Brockville
675,Canada,Ontario,Brussels
675,Canada,Ontario,Burford
675,Canada,Ontario,Burlington
675,Canada,Ontario,Cambridge
675,Canada,Ontario,Camlachie
675,Canada,Ontario,Capreol
675,Canada,Ontario,Carleton Place
675,Canada,Ontario,Casselman
675,Canada,Ontario,Chatham
675,Canada,Ontario,Chatham-Kent
675,Canada,Ontario,Clarence-Rockland
675,Canada,Ontario,Cobourg
675,Canada,Ontario,Cochrane District
675,Canada,Ontario,Collingwood
675,Canada,Ontario,Concord
675,Canada,Ontario,Constance Bay
675,Canada,Ontario,Cookstown
675,Canada,Ontario,Cornwall
675,Canada,Ontario,Corunna
675,Canada,Ontario,Deep River
675,Canada,Ontario,Delaware
675,Canada,Ontario,Deseronto
675,Canada,Ontario,Dorchester
675,Canada,Ontario,Dowling
675,Canada,Ontario,Dryden
675,Canada,Ontario,Durham
675,Canada,Ontario,Ear Falls
675,Canada,Ontario,East Gwillimbury
675,Canada,Ontario,East York
675,Canada,Ontario,Elliot Lake
675,Canada,Ontario,Elmvale
675,Canada,Ontario,Englehart
675,Canada,Ontario,Espanola
675,Canada,Ontario,Essex
675,Canada,Ontario,Etobicoke
675,Canada,Ontario,Fort Erie
675,Canada,Ontario,Fort Frances
675,Canada,Ontario,Gananoque
675,Canada,Ontario,Glencoe
675,Canada,Ontario,Goderich
675,Canada,Ontario,Golden
675,Canada,Ontario,Gravenhurst
675,Canada,Ontario,Greater Napanee
675,Canada,Ontario,Greater Sudbury
675,Canada,Ontario,Greenstone
675,Canada,Ontario,Guelph
675,Canada,Ontario,Haldimand County
675,Canada,Ontario,Haliburton Village
675,Canada,Ontario,Halton
675,Canada,Ontario,Hamilton
675,Canada,Ontario,Hanover
675,Canada,Ontario,Harriston
675,Canada,Ontario,Hawkesbury
675,Canada,Ontario,Hearst
675,Canada,Ontario,Hornepayne
675,Canada,Ontario,Huntsville
675,Canada,Ontario,Huron East
675,Canada,Ontario,Ingersoll
675,Canada,Ontario,Innisfil
675,Canada,Ontario,Iroquois Falls
675,Canada,Ontario,Jarvis
675,Canada,Ontario,Kanata
675,Canada,Ontario,Kapuskasing
675,Canada,Ontario,Kawartha Lakes
675,Canada,Ontario,Kenora
675,Canada,Ontario,Keswick
675,Canada,Ontario,Kincardine
675,Canada,Ontario,King
675,Canada,Ontario,Kingston
675,Canada,Ontario,Kirkland Lake
675,Canada,Ontario,Kitchener
675,Canada,Ontario,L'Orignal
675,Canada,Ontario,Lakefield
675,Canada,Ontario,Lambton Shores
675,Canada,Ontario,Lappe
675,Canada,Ontario,Leamington
675,Canada,Ontario,Limoges
675,Canada,Ontario,Lindsay
675,Canada,Ontario,Listowel
675,Canada,Ontario,Little Current
675,Canada,Ontario,Lively
675,Canada,Ontario,London
675,Canada,Ontario,Lucan
675,Canada,Ontario,Madoc
675,Canada,Ontario,Manitoulin District
675,Canada,Ontario,Manitouwadge
675,Canada,Ontario,Marathon
675,Canada,Ontario,Markdale
675,Canada,Ontario,Markham
675,Canada,Ontario,Mattawa
675,Canada,Ontario,Meaford
675,Canada,Ontario,Metcalfe
675,Canada,Ontario,Midland
675,Canada,Ontario,Mildmay
675,Canada,Ontario,Millbrook
675,Canada,Ontario,Milton
675,Canada,Ontario,Mississauga
675,Canada,Ontario,Mississauga Beach
675,Canada,Ontario,Moose Factory
675,Canada,Ontario,Moosonee
675,Canada,Ontario,Morrisburg
675,Canada,Ontario,Mount Albert
675,Canada,Ontario,Mount Brydges
675,Canada,Ontario,Napanee
675,Canada,Ontario,Napanee Downtown
675,Canada,Ontario,Neebing
675,Canada,Ontario,Nepean
675,Canada,Ontario,New Hamburg
675,Canada,Ontario,Newmarket
675,Canada,Ontario,Niagara Falls
675,Canada,Ontario,Nipissing District
675,Canada,Ontario,Norfolk County
675,Canada,Ontario,North Bay
675,Canada,Ontario,North Perth
675,Canada,Ontario,North York
675,Canada,Ontario,Norwood
675,Canada,Ontario,Oakville
675,Canada,Ontario,Omemee
675,Canada,Ontario,Orangeville
675,Canada,Ontario,Orillia
675,Canada,Ontario,Osgoode
675,Canada,Ontario,Oshawa
675,Canada,Ontario,Ottawa
675,Canada,Ontario,Owen Sound
675,Canada,Ontario,Paisley
675,Canada,Ontario,Paris
675,Canada,Ontario,Parkhill
675,Canada,Ontario,Parry Sound
675,Canada,Ontario,Parry Sound District
675,Canada,Ontario,Peel
675,Canada,Ontario,Pembroke
675,Canada,Ontario,Perth
675,Canada,Ontario,Petawawa
675,Canada,Ontario,Peterborough
675,Canada,Ontario,Petrolia
675,Canada,Ontario,Pickering
675,Canada,Ontario,Picton
675,Canada,Ontario,Plantagenet
675,Canada,Ontario,Plattsville
675,Canada,Ontario,Port Colborne
675,Canada,Ontario,Port Hope
675,Canada,Ontario,Port Rowan
675,Canada,Ontario,Port Stanley
675,Canada,Ontario,Powassan
675,Canada,Ontario,Prescott
675,Canada,Ontario,Prince Edward
675,Canada,Ontario,Queenswood Heights
675,Canada,Ontario,Quinte West
675,Canada,Ontario,Rainy River District
675,Canada,Ontario,Rayside-Balfour
675,Canada,Ontario,Red Lake
675,Canada,Ontario,Regional Municipality of Waterloo
675,Canada,Ontario,Renfrew
675,Canada,Ontario,Richmond
675,Canada,Ontario,Richmond Hill
675,Canada,Ontario,Ridgetown
675,Canada,Ontario,Rockwood
675,Canada,Ontario,Russell
675,Canada,Ontario,Sarnia
675,Canada,Ontario,Sault Ste. Marie
675,Canada,Ontario,Scarborough
675,Canada,Ontario,Seaforth
675,Canada,Ontario,Shelburne
675,Canada,Ontario,Simcoe
675,Canada,Ontario,Sioux Lookout
675,Canada,Ontario,Skatepark
675,Canada,Ontario,Smiths Falls
675,Canada,Ontario,South Huron
675,Canada,Ontario,South River
675,Canada,Ontario,St. Catharines
675,Canada,Ontario,St. George
675,Canada,Ontario,St. Thomas
675,Canada,Ontario,Stirling
675,Canada,Ontario,Stoney Point
675,Canada,Ontario,Stratford
675,Canada,Ontario,Sudbury
675,Canada,Ontario,Tavistock
675,Canada,Ontario,Temiskaming Shores
675,Canada,Ontario,Thessalon
675,Canada,Ontario,Thorold
675,Canada,Ontario,Thunder Bay
675,Canada,Ontario,Thunder Bay District
675,Canada,Ontario,Timiskaming District
675,Canada,Ontario,Timmins
675,Canada,Ontario,Tobermory
675,Canada,Ontario,Toronto
675,Canada,Ontario,Toronto county
675,Canada,Ontario,Tottenham
675,Canada,Ontario,Tweed
675,Canada,Ontario,Uxbridge
675,Canada,Ontario,Valley East
675,Canada,Ontario,Vanier
675,Canada,Ontario,Vaughan
675,Canada,Ontario,Vineland
675,Canada,Ontario,Virgil
675,Canada,Ontario,Walpole Island
675,Canada,Ontario,Wasaga Beach
675,Canada,Ontario,Waterford
675,Canada,Ontario,Waterloo
675,Canada,Ontario,Watford
675,Canada,Ontario,Wawa
675,Canada,Ontario,Welland
675,Canada,Ontario,Wellesley
675,Canada,Ontario,Wendover
675,Canada,Ontario,West Lorne
675,Canada,Ontario,Willowdale
675,Canada,Ontario,Winchester
675,Canada,Ontario,Windsor
675,Canada,Ontario,Wingham
675,Canada,Ontario,Woodstock
675,Canada,Ontario,York
676,Canada,Prince Edward Island,Alberton
676,Canada,Prince Edward Island,Belfast
676,Canada,Prince Edward Island,Charlottetown
676,Canada,Prince Edward Island,Cornwall
676,Canada,Prince Edward Island,Fallingbrook
676,Canada,Prince Edward Island,Kensington
676,Canada,Prince Edward Island,Montague
676,Canada,Prince Edward Island,Souris
676,Canada,Prince Edward Island,Summerside
677,Canada,Quebec,Abitibi-Témiscamingue
677,Canada,Quebec,Acton Vale
677,Canada,Quebec,Adstock
677,Canada,Quebec,Albanel
677,Canada,Quebec,Alma
677,Canada,Quebec,Amos
677,Canada,Quebec,Amqui
677,Canada,Quebec,Ange-Gardien
677,Canada,Quebec,Asbestos
677,Canada,Quebec,Baie-Comeau
677,Canada,Quebec,Baie-D'Urfé
677,Canada,Quebec,Baie-Saint-Paul
677,Canada,Quebec,Barraute
677,Canada,Quebec,Bas-Saint-Laurent
677,Canada,Quebec,Bécancour
677,Canada,Quebec,Beaconsfield
677,Canada,Quebec,Beauceville
677,Canada,Quebec,Beauharnois
677,Canada,Quebec,Beaupré
677,Canada,Quebec,Bedford
677,Canada,Quebec,Beloeil
677,Canada,Quebec,Berthierville
677,Canada,Quebec,Blainville
677,Canada,Quebec,Bois-des-Filion
677,Canada,Quebec,Boisbriand
677,Canada,Quebec,Bonaventure
677,Canada,Quebec,Boucherville
677,Canada,Quebec,Breakeyville
677,Canada,Quebec,Bromont
677,Canada,Quebec,Brossard
677,Canada,Quebec,Brownsburg-Chatham
677,Canada,Quebec,Buckingham
677,Canada,Quebec,Cabano
677,Canada,Quebec,Cacouna
677,Canada,Quebec,Candiac
677,Canada,Quebec,Cantley
677,Canada,Quebec,Cap-Chat
677,Canada,Quebec,Cap-Santé
677,Canada,Quebec,Capitale-Nationale
677,Canada,Quebec,Carignan
677,Canada,Quebec,Carleton
677,Canada,Quebec,Carleton-sur-Mer
677,Canada,Quebec,Côte-Nord
677,Canada,Quebec,Côte-Saint-Luc
677,Canada,Quebec,Centre-du-Québec
677,Canada,Quebec,Chambly
677,Canada,Quebec,Chambord
677,Canada,Quebec,Chandler
677,Canada,Quebec,Chapais
677,Canada,Quebec,Charlemagne
677,Canada,Quebec,Chaudière-Appalaches
677,Canada,Quebec,Château-Richer
677,Canada,Quebec,Châteauguay
677,Canada,Quebec,Chertsey
677,Canada,Quebec,Chibougamau
677,Canada,Quebec,Chute-aux-Outardes
677,Canada,Quebec,Coaticook
677,Canada,Quebec,Contrecoeur
677,Canada,Quebec,Cookshire
677,Canada,Quebec,Cookshire-Eaton
677,Canada,Quebec,Coteau-du-Lac
677,Canada,Quebec,Cowansville
677,Canada,Quebec,Crabtree
677,Canada,Quebec,Danville
677,Canada,Quebec,Daveluyville
677,Canada,Quebec,Delson
677,Canada,Quebec,Deux-Montagnes
677,Canada,Quebec,Disraeli
677,Canada,Quebec,Dolbeau-Mistassini
677,Canada,Quebec,Dollard-Des Ormeaux
677,Canada,Quebec,Donnacona
677,Canada,Quebec,Dorval
677,Canada,Quebec,Drummondville
677,Canada,Quebec,Dunham
677,Canada,Quebec,East Angus
677,Canada,Quebec,East Broughton
677,Canada,Quebec,Farnham
677,Canada,Quebec,Ferme-Neuve
677,Canada,Quebec,Fermont
677,Canada,Quebec,Forestville
677,Canada,Quebec,Fort-Coulonge
677,Canada,Quebec,Fossambault-sur-le-Lac
677,Canada,Quebec,Franklin
677,Canada,Quebec,Gaspé
677,Canada,Quebec,Gaspésie-Îles-de-la-Madeleine
677,Canada,Quebec,Gatineau
677,Canada,Quebec,Godefroy
677,Canada,Quebec,Granby
677,Canada,Quebec,Hampstead
677,Canada,Quebec,Hauterive
677,Canada,Quebec,Havre-Saint-Pierre
677,Canada,Quebec,Hérouxville
677,Canada,Quebec,Hudson
677,Canada,Quebec,Huntingdon
677,Canada,Quebec,Joliette
677,Canada,Quebec,Jonquière
677,Canada,Quebec,Kingsey Falls
677,Canada,Quebec,Kirkland
677,Canada,Quebec,L'Ancienne-Lorette
677,Canada,Quebec,L'Ange-Gardien
677,Canada,Quebec,L'Ascension-de-Notre-Seigneur
677,Canada,Quebec,L'Assomption
677,Canada,Quebec,L'Île-Perrot
677,Canada,Quebec,L'Épiphanie
677,Canada,Quebec,La Conception
677,Canada,Quebec,La Haute-Saint-Charles
677,Canada,Quebec,La Malbaie
677,Canada,Quebec,La Minerve
677,Canada,Quebec,La Pocatière
677,Canada,Quebec,La Prairie
677,Canada,Quebec,La Sarre
677,Canada,Quebec,La Tuque
677,Canada,Quebec,Labelle
677,Canada,Quebec,Lac-Alouette
677,Canada,Quebec,Lac-Brome
677,Canada,Quebec,Lac-Connelly
677,Canada,Quebec,Lac-Lapierre
677,Canada,Quebec,Lac-Mégantic
677,Canada,Quebec,Lac-Simon
677,Canada,Quebec,Lachute
677,Canada,Quebec,Lacolle
677,Canada,Quebec,Lanoraie
677,Canada,Quebec,Laval
677,Canada,Quebec,Lavaltrie
677,Canada,Quebec,Lévis
677,Canada,Quebec,Le Bic
677,Canada,Quebec,le Plateau
677,Canada,Quebec,Lebel-sur-Quévillon
677,Canada,Quebec,Leblanc
677,Canada,Quebec,Les Cèdres
677,Canada,Quebec,Les Coteaux
677,Canada,Quebec,Les Escoumins
677,Canada,Quebec,Linière
677,Canada,Quebec,Longueuil
677,Canada,Quebec,Lorraine
677,Canada,Quebec,Louiseville
677,Canada,Quebec,Luceville
677,Canada,Quebec,Macamic
677,Canada,Quebec,Magog
677,Canada,Quebec,Malartic
677,Canada,Quebec,Maliotenam
677,Canada,Quebec,Manawan
677,Canada,Quebec,Mandeville
677,Canada,Quebec,Maniwaki
677,Canada,Quebec,Maria
677,Canada,Quebec,Marieville
677,Canada,Quebec,Mascouche
677,Canada,Quebec,Maskinongé
677,Canada,Quebec,Matagami
677,Canada,Quebec,Matane
677,Canada,Quebec,Mauricie
677,Canada,Quebec,Métabetchouan
677,Canada,Quebec,Melocheville
677,Canada,Quebec,Mercier
677,Canada,Quebec,Metabetchouan-Lac-a-la-Croix
677,Canada,Quebec,Mirabel
677,Canada,Quebec,Mistissini
677,Canada,Quebec,Mont-Joli
677,Canada,Quebec,Mont-Laurier
677,Canada,Quebec,Mont-Royal
677,Canada,Quebec,Mont-Saint-Grégoire
677,Canada,Quebec,Mont-Saint-Hilaire
677,Canada,Quebec,Mont-Tremblant
677,Canada,Quebec,Montmagny
677,Canada,Quebec,Montréal
677,Canada,Quebec,Montréal-Est
677,Canada,Quebec,Montréal-Ouest
677,Canada,Quebec,Morin-Heights
677,Canada,Quebec,Napierville
677,Canada,Quebec,Neuville
677,Canada,Quebec,New Carlisle
677,Canada,Quebec,New-Richmond
677,Canada,Quebec,Nicolet
677,Canada,Quebec,Nord-du-Québec
677,Canada,Quebec,Normandin
677,Canada,Quebec,Notre-Dame-de-Grâce
677,Canada,Quebec,Notre-Dame-de-l'Île-Perrot
677,Canada,Quebec,Notre-Dame-des-Prairies
677,Canada,Quebec,Notre-Dame-du-Lac
677,Canada,Quebec,Notre-Dame-du-Mont-Carmel
677,Canada,Quebec,Oka
677,Canada,Quebec,Ormstown
677,Canada,Quebec,Otterburn Park
677,Canada,Quebec,Outaouais
677,Canada,Quebec,Papineauville
677,Canada,Quebec,Parc-Boutin
677,Canada,Quebec,Piedmont
677,Canada,Quebec,Pierreville
677,Canada,Quebec,Pincourt
677,Canada,Quebec,Plessisville
677,Canada,Quebec,Pohénégamook
677,Canada,Quebec,Pointe-Calumet
677,Canada,Quebec,Pointe-Claire
677,Canada,Quebec,Pointe-du-Lac
677,Canada,Quebec,Pont Rouge
677,Canada,Quebec,Pont-Rouge
677,Canada,Quebec,Port-Cartier
677,Canada,Quebec,Portneuf
677,Canada,Quebec,Prévost
677,Canada,Quebec,Princeville
677,Canada,Quebec,Québec
677,Canada,Quebec,Rawdon
677,Canada,Quebec,Repentigny
677,Canada,Quebec,Richelieu
677,Canada,Quebec,Richmond
677,Canada,Quebec,Rigaud
677,Canada,Quebec,Rimouski
677,Canada,Quebec,Rivière-du-Loup
677,Canada,Quebec,Rivière-Rouge
677,Canada,Quebec,Roberval
677,Canada,Quebec,Rock Forest
677,Canada,Quebec,Rosemère
677,Canada,Quebec,Rougemont
677,Canada,Quebec,Rouyn-Noranda
677,Canada,Quebec,Sacré-Coeur
677,Canada,Quebec,Saguenay
677,Canada,Quebec,Saint-Adolphe-d'Howard
677,Canada,Quebec,Saint-Alexandre
677,Canada,Quebec,Saint-Amable
677,Canada,Quebec,Saint-Ambroise
677,Canada,Quebec,Saint-André-Avellin
677,Canada,Quebec,Saint-Anselme
677,Canada,Quebec,Saint-Antoine-de-Tilly
677,Canada,Quebec,Saint-Augustin
677,Canada,Quebec,Saint-Augustin-de-Desmaures
677,Canada,Quebec,Saint-Édouard
677,Canada,Quebec,Saint-Éphrem-de-Beauce
677,Canada,Quebec,Saint-Barnabé-Sud
677,Canada,Quebec,Saint-Basile-le-Grand
677,Canada,Quebec,Saint-Boniface
677,Canada,Quebec,Saint-Bruno
677,Canada,Quebec,Saint-Bruno-de-Guigues
677,Canada,Quebec,Saint-Bruno-de-Montarville
677,Canada,Quebec,Saint-Canut
677,Canada,Quebec,Saint-Césaire
677,Canada,Quebec,Saint-Côme--Linière
677,Canada,Quebec,Saint-Charles
677,Canada,Quebec,Saint-Constant
677,Canada,Quebec,Saint-Cyrille-de-Wendover
677,Canada,Quebec,Saint-Damase
677,Canada,Quebec,Saint-Denis-sur-Richelieu
677,Canada,Quebec,Saint-Donat-de-Montcalm
677,Canada,Quebec,Saint-Elzéar
677,Canada,Quebec,Saint-Eustache
677,Canada,Quebec,Saint-Félicien
677,Canada,Quebec,Saint-Félix-de-Valois
677,Canada,Quebec,Saint-Gabriel
677,Canada,Quebec,Saint-Gédéon
677,Canada,Quebec,Saint-Georges
677,Canada,Quebec,Saint-Germain-de-Grantham
677,Canada,Quebec,Saint-Henri
677,Canada,Quebec,Saint-Hippolyte
677,Canada,Quebec,Saint-Honoré
677,Canada,Quebec,Saint-Hyacinthe
677,Canada,Quebec,Saint-Isidore
677,Canada,Quebec,Saint-Jacques-le-Mineur
677,Canada,Quebec,Saint-Jérôme
677,Canada,Quebec,Saint-Jean-Baptiste
677,Canada,Quebec,Saint-Jean-sur-Richelieu
677,Canada,Quebec,Saint-Joseph
677,Canada,Quebec,Saint-Joseph-de-Beauce
677,Canada,Quebec,Saint-Joseph-de-Coleraine
677,Canada,Quebec,Saint-Joseph-du-Lac
677,Canada,Quebec,Saint-Lambert-de-Lauzon
677,Canada,Quebec,Saint-Laurent
677,Canada,Quebec,Saint-Lazare
677,Canada,Quebec,Saint-Léonard
677,Canada,Quebec,Saint-Léonard-d'Aston
677,Canada,Quebec,Saint-Liboire
677,Canada,Quebec,Saint-Lin-Laurentides
677,Canada,Quebec,Saint-Marc-des-Carrières
677,Canada,Quebec,Saint-Mathieu
677,Canada,Quebec,Saint-Michel
677,Canada,Quebec,Saint-Michel-des-Saints
677,Canada,Quebec,Saint-Nazaire
677,Canada,Quebec,Saint-Norbert
677,Canada,Quebec,Saint-Pacôme
677,Canada,Quebec,Saint-Pascal
677,Canada,Quebec,Saint-Philippe-de-La Prairie
677,Canada,Quebec,Saint-Pie
677,Canada,Quebec,Saint-Pierre-les-Becquets
677,Canada,Quebec,Saint-Prime
677,Canada,Quebec,Saint-Raphaël
677,Canada,Quebec,Saint-Raymond
677,Canada,Quebec,Saint-Rémi
677,Canada,Quebec,Saint-Rémi-de-Tingwick
677,Canada,Quebec,Saint-Sauveur
677,Canada,Quebec,Saint-Sauveur-des-Monts
677,Canada,Quebec,Saint-Siméon
677,Canada,Quebec,Saint-Thomas
677,Canada,Quebec,Saint-Tite
677,Canada,Quebec,Saint-Victor
677,Canada,Quebec,Saint-Zotique
677,Canada,Quebec,Sainte Catherine de la Jacques Cartier
677,Canada,Quebec,Sainte-Adèle
677,Canada,Quebec,Sainte-Agathe-des-Monts
677,Canada,Quebec,Sainte-Anne-de-Bellevue
677,Canada,Quebec,Sainte-Anne-des-Monts
677,Canada,Quebec,Sainte-Anne-des-Plaines
677,Canada,Quebec,Sainte-Élisabeth
677,Canada,Quebec,Sainte-Béatrix
677,Canada,Quebec,Sainte-Catherine
677,Canada,Quebec,Sainte-Croix
677,Canada,Quebec,Sainte-Julie
677,Canada,Quebec,Sainte-Julienne
677,Canada,Quebec,Sainte-Madeleine
677,Canada,Quebec,Sainte-Marie
677,Canada,Quebec,Sainte-Marthe-sur-le-Lac
677,Canada,Quebec,Sainte-Martine
677,Canada,Quebec,Sainte-Sophie
677,Canada,Quebec,Sainte-Thècle
677,Canada,Quebec,Sainte-Thérèse
677,Canada,Quebec,Salaberry-de-Valleyfield
677,Canada,Quebec,Salluit
677,Canada,Quebec,Senneterre
677,Canada,Quebec,Sept-Îles
677,Canada,Quebec,Shannon
677,Canada,Quebec,Shawinigan
677,Canada,Quebec,Shawville
677,Canada,Quebec,Sherbrooke
677,Canada,Quebec,Sorel-Tracy
677,Canada,Quebec,St-Jean-Port-Joli
677,Canada,Quebec,Sutton
677,Canada,Quebec,Témiscaming
677,Canada,Quebec,Terrasse-des-Pins
677,Canada,Quebec,Terrebonne
677,Canada,Quebec,Thetford-Mines
677,Canada,Quebec,Thurso
677,Canada,Quebec,Trois-Rivières
677,Canada,Quebec,Val-d'Or
677,Canada,Quebec,Val-David
677,Canada,Quebec,Val-des-Monts
677,Canada,Quebec,Val-Morin
677,Canada,Quebec,Valcourt
677,Canada,Quebec,Vallée-Jonction
677,Canada,Quebec,Varennes
677,Canada,Quebec,Vaudreuil-Dorion
677,Canada,Quebec,Venise-en-Québec
677,Canada,Quebec,Verchères
677,Canada,Quebec,Victoriaville
677,Canada,Quebec,Ville-Marie
677,Canada,Quebec,Wakefield
677,Canada,Quebec,Warwick
677,Canada,Quebec,Waskaganish
677,Canada,Quebec,Waswanipi
677,Canada,Quebec,Waterloo
677,Canada,Quebec,Weedon Centre
677,Canada,Quebec,Westmount
677,Canada,Quebec,Weymontachie
677,Canada,Quebec,Windsor
677,Canada,Quebec,Yamachiche
678,Canada,Saskatchewan,Assiniboia
678,Canada,Saskatchewan,Biggar
678,Canada,Saskatchewan,Canora
678,Canada,Saskatchewan,Carlyle
678,Canada,Saskatchewan,Dalmeny
678,Canada,Saskatchewan,Esterhazy
678,Canada,Saskatchewan,Estevan
678,Canada,Saskatchewan,Foam Lake
678,Canada,Saskatchewan,Gravelbourg
678,Canada,Saskatchewan,Hudson Bay
678,Canada,Saskatchewan,Humboldt
678,Canada,Saskatchewan,Indian Head
678,Canada,Saskatchewan,Kamsack
678,Canada,Saskatchewan,Kerrobert
678,Canada,Saskatchewan,Kindersley
678,Canada,Saskatchewan,La Ronge
678,Canada,Saskatchewan,Langenburg
678,Canada,Saskatchewan,Langham
678,Canada,Saskatchewan,Lanigan
678,Canada,Saskatchewan,Lumsden
678,Canada,Saskatchewan,Macklin
678,Canada,Saskatchewan,Maple Creek
678,Canada,Saskatchewan,Martensville
678,Canada,Saskatchewan,Meadow Lake
678,Canada,Saskatchewan,Melfort
678,Canada,Saskatchewan,Melville
678,Canada,Saskatchewan,Moose Jaw
678,Canada,Saskatchewan,Moosomin
678,Canada,Saskatchewan,Nipawin
678,Canada,Saskatchewan,North Battleford
678,Canada,Saskatchewan,Outlook
678,Canada,Saskatchewan,Oxbow
678,Canada,Saskatchewan,Pelican Narrows
678,Canada,Saskatchewan,Pilot Butte
678,Canada,Saskatchewan,Preeceville
678,Canada,Saskatchewan,Prince Albert
678,Canada,Saskatchewan,Regina
678,Canada,Saskatchewan,Regina Beach
678,Canada,Saskatchewan,Rosetown
678,Canada,Saskatchewan,Rosthern
678,Canada,Saskatchewan,Saskatoon
678,Canada,Saskatchewan,Shaunavon
678,Canada,Saskatchewan,Shellbrook
678,Canada,Saskatchewan,Swift Current
678,Canada,Saskatchewan,Tisdale
678,Canada,Saskatchewan,Unity
678,Canada,Saskatchewan,Wadena
678,Canada,Saskatchewan,Warman
678,Canada,Saskatchewan,Watrous
678,Canada,Saskatchewan,Weyburn
678,Canada,Saskatchewan,White City
678,Canada,Saskatchewan,Wilkie
678,Canada,Saskatchewan,Wynyard
678,Canada,Saskatchewan,Yorkton
679,Canada,Yukon,Dawson City
679,Canada,Yukon,Haines Junction
679,Canada,Yukon,Watson Lake
679,Canada,Yukon,Whitehorse2902,Nigeria,Abia State,Aba
2902,Nigeria,Abia State,Amaigbo
2902,Nigeria,Abia State,Arochukwu
2902,Nigeria,Abia State,Bende
2902,Nigeria,Abia State,Ohafia-Ifigh
2902,Nigeria,Abia State,Umuahia
2903,Nigeria,Adamawa State,Ganye
2903,Nigeria,Adamawa State,Gombi
2903,Nigeria,Adamawa State,Holma
2903,Nigeria,Adamawa State,Jimeta
2903,Nigeria,Adamawa State,Madagali
2903,Nigeria,Adamawa State,Mayo-Belwa
2903,Nigeria,Adamawa State,Mubi
2903,Nigeria,Adamawa State,Ngurore
2903,Nigeria,Adamawa State,Numan
2903,Nigeria,Adamawa State,Toungo
2903,Nigeria,Adamawa State,Yola
2904,Nigeria,Akwa Ibom State,Eket
2904,Nigeria,Akwa Ibom State,Esuk Oron
2904,Nigeria,Akwa Ibom State,Ikot Ekpene
2904,Nigeria,Akwa Ibom State,Itu
2904,Nigeria,Akwa Ibom State,Uyo
2905,Nigeria,Anambra State,Agulu
2905,Nigeria,Anambra State,Atani
2905,Nigeria,Anambra State,Awka
2905,Nigeria,Anambra State,Enugu-Ukwu
2905,Nigeria,Anambra State,Igbo-Ukwu
2905,Nigeria,Anambra State,Ihiala
2905,Nigeria,Anambra State,Nkpor
2905,Nigeria,Anambra State,Nnewi
2905,Nigeria,Anambra State,Onitsha
2905,Nigeria,Anambra State,Ozubulu
2905,Nigeria,Anambra State,Uga
2905,Nigeria,Anambra State,Uruobo-Okija
2906,Nigeria,Bauchi State,Azare
2906,Nigeria,Bauchi State,Bauchi
2906,Nigeria,Bauchi State,Boi
2906,Nigeria,Bauchi State,Bununu
2906,Nigeria,Bauchi State,Darazo
2906,Nigeria,Bauchi State,Dass
2906,Nigeria,Bauchi State,Dindima
2906,Nigeria,Bauchi State,Disina
2906,Nigeria,Bauchi State,Gabarin
2906,Nigeria,Bauchi State,Gwaram
2906,Nigeria,Bauchi State,Kari
2906,Nigeria,Bauchi State,Lame
2906,Nigeria,Bauchi State,Lere
2906,Nigeria,Bauchi State,Madara
2906,Nigeria,Bauchi State,Misau
2906,Nigeria,Bauchi State,Sade
2906,Nigeria,Bauchi State,Yamrat
2906,Nigeria,Bauchi State,Yanda Bayo
2906,Nigeria,Bauchi State,Yuli
2906,Nigeria,Bauchi State,Zadawa
2906,Nigeria,Bauchi State,Zalanga
2907,Nigeria,Bayelsa State,Amassoma
2907,Nigeria,Bayelsa State,Twon-Brass
2907,Nigeria,Bayelsa State,Yenagoa
2908,Nigeria,Benue State,Aliade
2908,Nigeria,Benue State,Boju
2908,Nigeria,Benue State,Igbor
2908,Nigeria,Benue State,Makurdi
2908,Nigeria,Benue State,Ochobo
2908,Nigeria,Benue State,Otukpa
2908,Nigeria,Benue State,Takum
2908,Nigeria,Benue State,Ugbokpo
2908,Nigeria,Benue State,Yandev
2908,Nigeria,Benue State,Zaki Biam
2909,Nigeria,Borno State,Bama
2909,Nigeria,Borno State,Benisheikh
2909,Nigeria,Borno State,Biu
2909,Nigeria,Borno State,Bornu Yassu
2909,Nigeria,Borno State,Damasak
2909,Nigeria,Borno State,Damboa
2909,Nigeria,Borno State,Dikwa
2909,Nigeria,Borno State,Gamboru
2909,Nigeria,Borno State,Gwoza
2909,Nigeria,Borno State,Kukawa
2909,Nigeria,Borno State,Magumeri
2909,Nigeria,Borno State,Maiduguri
2909,Nigeria,Borno State,Marte
2909,Nigeria,Borno State,Miringa
2909,Nigeria,Borno State,Monguno
2909,Nigeria,Borno State,Ngala
2909,Nigeria,Borno State,Shaffa
2909,Nigeria,Borno State,Shani
2909,Nigeria,Borno State,Tokombere
2909,Nigeria,Borno State,Uba
2909,Nigeria,Borno State,Wuyo
2909,Nigeria,Borno State,Yajiwa
2910,Nigeria,Cross River State,Akankpa
2910,Nigeria,Cross River State,Calabar
2910,Nigeria,Cross River State,Gakem
2910,Nigeria,Cross River State,Ikang
2910,Nigeria,Cross River State,Ugep
2911,Nigeria,Delta State,Abraka
2911,Nigeria,Delta State,Agbor
2911,Nigeria,Delta State,Asaba
2911,Nigeria,Delta State,Bomadi
2911,Nigeria,Delta State,Burutu
2911,Nigeria,Delta State,Kwale
2911,Nigeria,Delta State,Obiaruku
2911,Nigeria,Delta State,Ogwashi-Uku
2911,Nigeria,Delta State,Orerokpe
2911,Nigeria,Delta State,Patani
2911,Nigeria,Delta State,Sapele
2911,Nigeria,Delta State,Ughelli
2911,Nigeria,Delta State,Umunede
2911,Nigeria,Delta State,Warri
2912,Nigeria,Ebonyi State,Abakaliki
2912,Nigeria,Ebonyi State,Afikpo
2912,Nigeria,Ebonyi State,Effium
2912,Nigeria,Ebonyi State,Ezza-Ohu
2912,Nigeria,Ebonyi State,Isieke
2913,Nigeria,Edo State,Agenebode
2913,Nigeria,Edo State,Auchi
2913,Nigeria,Edo State,Benin City
2913,Nigeria,Edo State,Ekpoma
2913,Nigeria,Edo State,Igarra
2913,Nigeria,Edo State,Illushi
2913,Nigeria,Edo State,Siluko
2913,Nigeria,Edo State,Ubiaja
2913,Nigeria,Edo State,Uromi
2914,Nigeria,Ekiti State,Ado-Ekiti
2914,Nigeria,Ekiti State,Aramoko-Ekiti
2914,Nigeria,Ekiti State,Efon-Alaaye
2914,Nigeria,Ekiti State,Emure-Ekiti
2914,Nigeria,Ekiti State,Ifaki
2914,Nigeria,Ekiti State,Igbara-Odo
2914,Nigeria,Ekiti State,Igede-Ekiti
2914,Nigeria,Ekiti State,Ijero-Ekiti
2914,Nigeria,Ekiti State,Ikere-Ekiti
2914,Nigeria,Ekiti State,Ipoti
2914,Nigeria,Ekiti State,Ise-Ekiti
2914,Nigeria,Ekiti State,Oke Ila
2914,Nigeria,Ekiti State,Omuo-Ekiti
2915,Nigeria,Enugu State,Adani
2915,Nigeria,Enugu State,Ake-Eze
2915,Nigeria,Enugu State,Aku
2915,Nigeria,Enugu State,Amagunze
2915,Nigeria,Enugu State,Awgu
2915,Nigeria,Enugu State,Eha Amufu
2915,Nigeria,Enugu State,Enugu
2915,Nigeria,Enugu State,Enugu-Ezike
2915,Nigeria,Enugu State,Ete
2915,Nigeria,Enugu State,Ikem
2915,Nigeria,Enugu State,Mberubu
2915,Nigeria,Enugu State,Nsukka
2915,Nigeria,Enugu State,Obolo-Eke (1)
2915,Nigeria,Enugu State,Opi
2915,Nigeria,Enugu State,Udi
2916,Nigeria,Federal Capital Territory,Abuja
2916,Nigeria,Federal Capital Territory,Kuje
2916,Nigeria,Federal Capital Territory,Kwali
2916,Nigeria,Federal Capital Territory,Madala
2917,Nigeria,Gombe State,Akko
2917,Nigeria,Gombe State,Bara
2917,Nigeria,Gombe State,Billiri
2917,Nigeria,Gombe State,Dadiya
2917,Nigeria,Gombe State,Deba
2917,Nigeria,Gombe State,Dukku
2917,Nigeria,Gombe State,Garko
2917,Nigeria,Gombe State,Gombe
2917,Nigeria,Gombe State,Hinna
2917,Nigeria,Gombe State,Kafarati
2917,Nigeria,Gombe State,Kaltungo
2917,Nigeria,Gombe State,Kumo
2917,Nigeria,Gombe State,Nafada
2917,Nigeria,Gombe State,Pindiga
2918,Nigeria,Imo State,Iho
2918,Nigeria,Imo State,Oguta
2918,Nigeria,Imo State,Okigwe
2918,Nigeria,Imo State,Orlu
2918,Nigeria,Imo State,Orodo
2918,Nigeria,Imo State,Owerri
2919,Nigeria,Jigawa State,Babura
2919,Nigeria,Jigawa State,Birnin Kudu
2919,Nigeria,Jigawa State,Birniwa
2919,Nigeria,Jigawa State,Dutse
2919,Nigeria,Jigawa State,Gagarawa
2919,Nigeria,Jigawa State,Gumel
2919,Nigeria,Jigawa State,Gwaram
2919,Nigeria,Jigawa State,Hadejia
2919,Nigeria,Jigawa State,Kafin Hausa
2919,Nigeria,Jigawa State,Kazaure
2919,Nigeria,Jigawa State,Kiyawa
2919,Nigeria,Jigawa State,Mallammaduri
2919,Nigeria,Jigawa State,Ringim
2919,Nigeria,Jigawa State,Samamiya
2920,Nigeria,Kaduna State,Anchau
2920,Nigeria,Kaduna State,Burumburum
2920,Nigeria,Kaduna State,Dutsen Wai
2920,Nigeria,Kaduna State,Hunkuyi
2920,Nigeria,Kaduna State,Kachia
2920,Nigeria,Kaduna State,Kaduna
2920,Nigeria,Kaduna State,Kafanchan
2920,Nigeria,Kaduna State,Kagoro
2920,Nigeria,Kaduna State,Kajuru
2920,Nigeria,Kaduna State,Kujama
2920,Nigeria,Kaduna State,Lere
2920,Nigeria,Kaduna State,Mando
2920,Nigeria,Kaduna State,Saminaka
2920,Nigeria,Kaduna State,Soba
2920,Nigeria,Kaduna State,Sofo-Birnin-Gwari
2920,Nigeria,Kaduna State,Zaria
2921,Nigeria,Kano State,Dan Gora
2921,Nigeria,Kano State,Gaya
2921,Nigeria,Kano State,Kano
2922,Nigeria,Katsina State,Danja
2922,Nigeria,Katsina State,Dankama
2922,Nigeria,Katsina State,Daura
2922,Nigeria,Katsina State,Dutsin-Ma
2922,Nigeria,Katsina State,Funtua
2922,Nigeria,Katsina State,Gora
2922,Nigeria,Katsina State,Jibia
2922,Nigeria,Katsina State,Jikamshi
2922,Nigeria,Katsina State,Kankara
2922,Nigeria,Katsina State,Katsina
2922,Nigeria,Katsina State,Mashi
2922,Nigeria,Katsina State,Ruma
2922,Nigeria,Katsina State,Runka
2922,Nigeria,Katsina State,Wagini
2923,Nigeria,Kebbi State,Argungu
2923,Nigeria,Kebbi State,Bagudo
2923,Nigeria,Kebbi State,Bena
2923,Nigeria,Kebbi State,Bin Yauri
2923,Nigeria,Kebbi State,Birnin Kebbi
2923,Nigeria,Kebbi State,Dabai
2923,Nigeria,Kebbi State,Dakingari
2923,Nigeria,Kebbi State,Gulma
2923,Nigeria,Kebbi State,Gwandu
2923,Nigeria,Kebbi State,Jega
2923,Nigeria,Kebbi State,Kamba
2923,Nigeria,Kebbi State,Kangiwa
2923,Nigeria,Kebbi State,Kende
2923,Nigeria,Kebbi State,Mahuta
2923,Nigeria,Kebbi State,Maiyama
2923,Nigeria,Kebbi State,Shanga
2923,Nigeria,Kebbi State,Wasagu
2923,Nigeria,Kebbi State,Zuru
2924,Nigeria,Kogi State,Abocho
2924,Nigeria,Kogi State,Adoru
2924,Nigeria,Kogi State,Ankpa
2924,Nigeria,Kogi State,Bugana
2924,Nigeria,Kogi State,Dekina
2924,Nigeria,Kogi State,Egbe
2924,Nigeria,Kogi State,Icheu
2924,Nigeria,Kogi State,Idah
2924,Nigeria,Kogi State,Isanlu-Itedoijowa
2924,Nigeria,Kogi State,Kabba
2924,Nigeria,Kogi State,Koton-Karfe
2924,Nigeria,Kogi State,Lokoja
2924,Nigeria,Kogi State,Ogaminana
2924,Nigeria,Kogi State,Ogurugu
2924,Nigeria,Kogi State,Okene
2925,Nigeria,Kwara State,Ajasse Ipo
2925,Nigeria,Kwara State,Bode Saadu
2925,Nigeria,Kwara State,Gwasero
2925,Nigeria,Kwara State,Ilorin
2925,Nigeria,Kwara State,Jebba
2925,Nigeria,Kwara State,Kaiama
2925,Nigeria,Kwara State,Lafiagi
2925,Nigeria,Kwara State,Offa
2925,Nigeria,Kwara State,Okuta
2925,Nigeria,Kwara State,Omu-Aran
2925,Nigeria,Kwara State,Patigi
2925,Nigeria,Kwara State,Suya
2925,Nigeria,Kwara State,Yashikera
2926,Nigeria,Lagos,Abule Egba
2926,Nigeria,Lagos,Agbara
2926,Nigeria,Lagos,Agege
2926,Nigeria,Lagos,Agiliti
2926,Nigeria,Lagos,Ajah
2926,Nigeria,Lagos,Alimosho
2926,Nigeria,Lagos,Amuwo-Odofin
2926,Nigeria,Lagos,Apapa
2926,Nigeria,Lagos,Badagry
2926,Nigeria,Lagos,Ebute Ikorodu
2926,Nigeria,Lagos,Egbeda
2926,Nigeria,Lagos,Egbe Idimu
2926,Nigeria,Lagos,Ejirin
2926,Nigeria,Lagos,Epe
2926,Nigeria,Lagos,Gbagada
2926,Nigeria,Lagos,Ibeju Lekki
2926,Nigeria,Lagos,Ifako Ijaye
2926,Nigeria,Lagos,Igando
2926,Nigeria,Lagos,Ikeja
2926,Nigeria,Lagos,Ikorodu
2926,Nigeria,Lagos,Ikotun
2926,Nigeria,Lagos,Ikoyi
2926,Nigeria,Lagos,Ilupeju
2926,Nigeria,Lagos,Ipaja
2926,Nigeria,Lagos,Isolo
2926,Nigeria,Lagos,Ketu
2926,Nigeria,Lagos,Kosofe
2926,Nigeria,Lagos,Lagos Island
2926,Nigeria,Lagos,Lekki Phase 1
2926,Nigeria,Lagos,Lekki Phase 2
2926,Nigeria,Lagos,Magodo
2926,Nigeria,Lagos,Makoko
2926,Nigeria,Lagos,Maryland
2926,Nigeria,Lagos,Mile 12
2926,Nigeria,Lagos,Mile 2
2926,Nigeria,Lagos,Mushin
2926,Nigeria,Lagos,Ojo
2926,Nigeria,Lagos,Ojodu
2926,Nigeria,Lagos,Ojota
2926,Nigeria,Lagos,Orile
2926,Nigeria,Lagos,Oshodi
2926,Nigeria,Lagos,Shomolu
2926,Nigeria,Lagos,Surulere
2926,Nigeria,Lagos,Victoria Island
2926,Nigeria,Lagos,Yaba
2927,Nigeria,Nasarawa State,Buga
2927,Nigeria,Nasarawa State,Doma
2927,Nigeria,Nasarawa State,Keffi
2927,Nigeria,Nasarawa State,Lafia
2927,Nigeria,Nasarawa State,Nasarawa
2927,Nigeria,Nasarawa State,Wamba
2928,Nigeria,Niger State,Auna
2928,Nigeria,Niger State,Babana
2928,Nigeria,Niger State,Badeggi
2928,Nigeria,Niger State,Baro
2928,Nigeria,Niger State,Bokani
2928,Nigeria,Niger State,Duku
2928,Nigeria,Niger State,Ibeto
2928,Nigeria,Niger State,Konkwesso
2928,Nigeria,Niger State,Kontagora
2928,Nigeria,Niger State,Kusheriki
2928,Nigeria,Niger State,Kuta
2928,Nigeria,Niger State,Lapai
2928,Nigeria,Niger State,Minna
2928,Nigeria,Niger State,New Shagunnu
2928,Nigeria,Niger State,Suleja
2928,Nigeria,Niger State,Tegina
2928,Nigeria,Niger State,Ukata
2928,Nigeria,Niger State,Wawa
2928,Nigeria,Niger State,Zungeru
2929,Nigeria,Ogun State,Abeokuta
2929,Nigeria,Ogun State,Ado Odo
2929,Nigeria,Ogun State,Idi Iroko
2929,Nigeria,Ogun State,Ifo
2929,Nigeria,Ogun State,Ijebu-Ife
2929,Nigeria,Ogun State,Ijebu-Igbo
2929,Nigeria,Ogun State,Ijebu-Ode
2929,Nigeria,Ogun State,Ilaro
2929,Nigeria,Ogun State,Imeko
2929,Nigeria,Ogun State,Iperu
2929,Nigeria,Ogun State,Isara
2929,Nigeria,Ogun State,Owode
2930,Nigeria,Ondo State,Agbabu
2930,Nigeria,Ondo State,Akure
2930,Nigeria,Ondo State,Idanre
2930,Nigeria,Ondo State,Ifon
2930,Nigeria,Ondo State,Ilare
2930,Nigeria,Ondo State,Ode
2930,Nigeria,Ondo State,Ondo
2930,Nigeria,Ondo State,Ore
2930,Nigeria,Ondo State,Owo
2931,Nigeria,Osun State,Apomu
2931,Nigeria,Osun State,Ejigbo
2931,Nigeria,Osun State,Gbongan
2931,Nigeria,Osun State,Ijebu-Jesa
2931,Nigeria,Osun State,Ikire
2931,Nigeria,Osun State,Ikirun
2931,Nigeria,Osun State,Ila Orangun
2931,Nigeria,Osun State,Ile-Ife
2931,Nigeria,Osun State,Ilesa
2931,Nigeria,Osun State,Ilobu
2931,Nigeria,Osun State,Inisa
2931,Nigeria,Osun State,Iwo
2931,Nigeria,Osun State,Modakeke
2931,Nigeria,Osun State,Oke Mesi
2931,Nigeria,Osun State,Olupona
2931,Nigeria,Osun State,Osogbo
2931,Nigeria,Osun State,Otan Ayegbaju
2931,Nigeria,Osun State,Oyan
2932,Nigeria,Oyo State,Ago Are
2932,Nigeria,Oyo State,Alapa
2932,Nigeria,Oyo State,Fiditi
2932,Nigeria,Oyo State,Ibadan
2932,Nigeria,Oyo State,Igbeti
2932,Nigeria,Oyo State,Igbo-Ora
2932,Nigeria,Oyo State,Igboho
2932,Nigeria,Oyo State,Kisi
2932,Nigeria,Oyo State,Lalupon
2932,Nigeria,Oyo State,Ogbomoso
2932,Nigeria,Oyo State,Okeho
2932,Nigeria,Oyo State,Orita Eruwa
2932,Nigeria,Oyo State,Oyo
2932,Nigeria,Oyo State,Saki
2933,Nigeria,Plateau State,Amper
2933,Nigeria,Plateau State,Bukuru
2933,Nigeria,Plateau State,Dengi
2933,Nigeria,Plateau State,Jos
2933,Nigeria,Plateau State,Kwolla
2933,Nigeria,Plateau State,Langtang
2933,Nigeria,Plateau State,Pankshin
2933,Nigeria,Plateau State,Panyam
2933,Nigeria,Plateau State,Vom
2933,Nigeria,Plateau State,Yelwa
2934,Nigeria,Sokoto State,Binji
2934,Nigeria,Sokoto State,Dange
2934,Nigeria,Sokoto State,Gandi
2934,Nigeria,Sokoto State,Goronyo
2934,Nigeria,Sokoto State,Gwadabawa
2934,Nigeria,Sokoto State,Illela
2934,Nigeria,Sokoto State,Rabah
2934,Nigeria,Sokoto State,Sokoto
2934,Nigeria,Sokoto State,Tambuwal
2934,Nigeria,Sokoto State,Wurno
2935,Nigeria,Taraba State,Baissa
2935,Nigeria,Taraba State,Beli
2935,Nigeria,Taraba State,Gassol
2935,Nigeria,Taraba State,Gembu
2935,Nigeria,Taraba State,Ibi
2935,Nigeria,Taraba State,Jalingo
2935,Nigeria,Taraba State,Lau
2935,Nigeria,Taraba State,Mutum Biyu
2935,Nigeria,Taraba State,Riti
2935,Nigeria,Taraba State,Wukari
2936,Nigeria,Yobe State,Damaturu
2936,Nigeria,Yobe State,Dankalwa
2936,Nigeria,Yobe State,Dapchi
2936,Nigeria,Yobe State,Daura
2936,Nigeria,Yobe State,Fika
2936,Nigeria,Yobe State,Gashua
2936,Nigeria,Yobe State,Geidam
2936,Nigeria,Yobe State,Goniri
2936,Nigeria,Yobe State,Gorgoram
2936,Nigeria,Yobe State,Gujba
2936,Nigeria,Yobe State,Gwio Kura
2936,Nigeria,Yobe State,Kumagunnam
2936,Nigeria,Yobe State,Lajere
2936,Nigeria,Yobe State,Machina
2936,Nigeria,Yobe State,Nguru
2936,Nigeria,Yobe State,Potiskum
2937,Nigeria,Zamfara State,Anka
2937,Nigeria,Zamfara State,Dan Sadau
2937,Nigeria,Zamfara State,Gummi
2937,Nigeria,Zamfara State,Gusau
2937,Nigeria,Zamfara State,Kaura Namoda
2937,Nigeria,Zamfara State,Kwatarkwashi
2937,Nigeria,Zamfara State,Maru
2937,Nigeria,Zamfara State,Moriki
2937,Nigeria,Zamfara State,Sauri
2937,Nigeria,Zamfara State,Tsafe
4852,Nigeria,Rivers State,Ahoada East
4852,Nigeria,Rivers State,Ahoada West
4852,Nigeria,Rivers State,Akuku-Toru
4852,Nigeria,Rivers State,Andoni
4852,Nigeria,Rivers State,Asari-Toru
4852,Nigeria,Rivers State,Bonny
4852,Nigeria,Rivers State,Degema
4852,Nigeria,Rivers State,Eleme
4852,Nigeria,Rivers State,Emuoha
4852,Nigeria,Rivers State,Gokana
4852,Nigeria,Rivers State,Ikwerre
4852,Nigeria,Rivers State,Khana
4852,Nigeria,Rivers State,Obio/Akpor
4852,Nigeria,Rivers State,Ogba/Egbema/Ndoni
4852,Nigeria,Rivers State,Ogu/Bolo
4852,Nigeria,Rivers State,Okrika
4852,Nigeria,Rivers State,Omuma
4852,Nigeria,Rivers State,Opobo/Nkoro
4852,Nigeria,Rivers State,Oyigbo
4852,Nigeria,Rivers State,Port Harcourt
4852,Nigeria,Rivers State,Tai